antecedents,consequents,antecedent support,consequent support,support,confidence,lift,representativity,leverage,conviction,zhangs_metric,jaccard,certainty,kulczynski
frozenset({'risk1'}),frozenset({'male'}),0.0836461931220904,0.7426039945937829,0.07373479501426641,0.8815080789946141,1.1870500097118575,1.0,0.01161879786923907,2.1722662880494408,0.1719592454412129,0.09798443424466174,0.5396512823950615,0.49040014667627574
frozenset({'risk1'}),frozenset({'head_injury'}),0.0836461931220904,0.5290584171797568,0.05241027181258447,0.6265709156193896,1.1843132918278498,1.0,0.008156549276299066,1.2611272193792091,0.16983487024311622,0.09354060573572769,0.20705858645073824,0.36281710697234026
frozenset({'head_injury'}),frozenset({'male'}),0.5290584171797568,0.7426039945937829,0.39780747860039045,0.7519159806982685,1.0125396391243213,1.0,0.004926584629239006,1.0375356144692252,0.026296985385320222,0.45523285787936063,0.03617766363463798,0.643804299752572
"frozenset({'head_injury', 'age60plus'})",frozenset({'male'}),0.13936026430394954,0.7426039945937829,0.09656104520198228,0.6928879310344828,0.933051715421359,1.0,-0.006928443757776029,0.8381175193577877,-0.0769547343657322,0.12294455066921604,-0.19315009757373378,0.4114591323524284
frozenset({'age60plus'}),frozenset({'male'}),0.24973719777744405,0.7426039945937829,0.17149722180507584,0.6867107636800963,0.9247334631639558,1.0,-0.0139586188631117,0.8215922399050656,-0.0978682683813408,0.20892791803878522,-0.2171487891798361,0.45882555373084694
